
{
	"allowSleep" : true,
	"autoClearForces" : true,
	"body" : 
	[
		
		{
			"angle" : 3.141592502593994,
			"angularVelocity" : 0,
			"awake" : true,
			"fixture" : 
			[
				
				{
					"density" : 1,
					"friction" : 0.2,
					"name" : "fixture0",
					"polygon" : 
					{
						"vertices" : 
						{
							"x" : 
							[
								6.725265502929688,
								6.725265502929688,
								-6.725173950195312,
								-6.725173950195312
							],
							"y" : 
							[
								-0.7701029181480408,
								0.7701044678688049,
								0.7701024413108826,
								-0.7701049447059631
							]
						}
					}
				}
			],
			"linearVelocity" : 0,
			"name" : "wall",
			"position" : 
			{
				"x" : 140.1073303222656,
				"y" : -3.100748062133789
			},
			"type" : 0
		},
		
		{
			"angle" : 3.141592502593994,
			"angularVelocity" : 0,
			"awake" : true,
			"fixture" : 
			[
				
				{
					"density" : 1,
					"friction" : 0.2,
					"name" : "fixture0",
					"polygon" : 
					{
						"vertices" : 
						{
							"x" : 
							[
								3.369919538497925,
								3.369918107986450,
								-3.369873762130737,
								-3.369872331619263
							],
							"y" : 
							[
								-5.205098628997803,
								5.205095767974854,
								5.205094814300537,
								-5.205099582672119
							]
						}
					}
				}
			],
			"linearVelocity" : 0,
			"name" : "wall",
			"position" : 
			{
				"x" : 118.44238281250,
				"y" : -13.48140525817871
			},
			"type" : 0
		},
		
		{
			"angle" : 3.141592502593994,
			"angularVelocity" : 0,
			"awake" : true,
			"fixture" : 
			[
				
				{
					"density" : 1,
					"friction" : 0.2,
					"name" : "fixture0",
					"polygon" : 
					{
						"vertices" : 
						{
							"x" : 
							[
								3.369919538497925,
								3.369918107986450,
								-3.369873762130737,
								-3.369872331619263
							],
							"y" : 
							[
								-4.430444240570068,
								4.430441379547119,
								4.430440425872803,
								-4.430445194244385
							]
						}
					}
				}
			],
			"linearVelocity" : 0,
			"name" : "wall",
			"position" : 
			{
				"x" : 118.44238281250,
				"y" : 3.490335464477539
			},
			"type" : 0
		},
		
		{
			"angle" : 3.141592502593994,
			"angularVelocity" : 0,
			"awake" : true,
			"fixture" : 
			[
				
				{
					"density" : 1,
					"friction" : 0.2,
					"name" : "fixture0",
					"polygon" : 
					{
						"vertices" : 
						{
							"x" : 
							[
								1.78114390373230,
								1.781142473220825,
								-1.781128644943237,
								-1.781127214431763
							],
							"y" : 
							[
								-4.430444240570068,
								4.430441379547119,
								4.430440425872803,
								-4.430445194244385
							]
						}
					}
				}
			],
			"linearVelocity" : 0,
			"name" : "wall",
			"position" : 
			{
				"x" : 104.2715606689453,
				"y" : 3.325559616088867
			},
			"type" : 0
		},
		
		{
			"angle" : 3.141592502593994,
			"angularVelocity" : 0,
			"awake" : true,
			"fixture" : 
			[
				
				{
					"density" : 1,
					"friction" : 0.2,
					"name" : "fixture0",
					"polygon" : 
					{
						"vertices" : 
						{
							"x" : 
							[
								1.78114390373230,
								1.781142473220825,
								-1.781128644943237,
								-1.781127214431763
							],
							"y" : 
							[
								-4.430444240570068,
								4.430441379547119,
								4.430440425872803,
								-4.430445194244385
							]
						}
					}
				}
			],
			"linearVelocity" : 0,
			"name" : "wall",
			"position" : 
			{
				"x" : 104.2715606689453,
				"y" : -11.37255096435547
			},
			"type" : 0
		},
		
		{
			"angle" : 0,
			"angularVelocity" : 0,
			"awake" : true,
			"fixture" : 
			[
				
				{
					"density" : 1,
					"friction" : 0.2,
					"name" : "fixture0",
					"polygon" : 
					{
						"vertices" : 
						{
							"x" : 
							[
								7.002037048339844,
								7.002037048339844,
								-7.002037048339844,
								-7.002037048339844
							],
							"y" : 
							[
								-2.106302261352539,
								2.106301307678223,
								2.106301307678223,
								-2.106302261352539
							]
						}
					}
				}
			],
			"linearVelocity" : 0,
			"name" : "wall",
			"position" : 
			{
				"x" : 38.83249664306641,
				"y" : -9.723648071289062
			},
			"type" : 0
		},
		
		{
			"angle" : 0,
			"angularVelocity" : 0,
			"awake" : true,
			"fixture" : 
			[
				
				{
					"density" : 1,
					"friction" : 0.2,
					"name" : "fixture0",
					"polygon" : 
					{
						"vertices" : 
						{
							"x" : 
							[
								7.002037048339844,
								7.002037048339844,
								-7.002037048339844,
								-7.002037048339844
							],
							"y" : 
							[
								-2.106302261352539,
								2.106301307678223,
								2.106301307678223,
								-2.106302261352539
							]
						}
					}
				}
			],
			"linearVelocity" : 0,
			"name" : "wall",
			"position" : 
			{
				"x" : 66.37689971923828,
				"y" : -9.723648071289062
			},
			"type" : 0
		},
		
		{
			"angle" : 3.141592502593994,
			"angularVelocity" : 0,
			"awake" : true,
			"fixture" : 
			[
				
				{
					"density" : 1,
					"friction" : 0.2,
					"name" : "fixture0",
					"polygon" : 
					{
						"vertices" : 
						{
							"x" : 
							[
								1.78114390373230,
								1.781142473220825,
								-1.781128644943237,
								-1.781127214431763
							],
							"y" : 
							[
								-4.430444240570068,
								4.430441379547119,
								4.430440425872803,
								-4.430445194244385
							]
						}
					}
				}
			],
			"linearVelocity" : 0,
			"name" : "wall",
			"position" : 
			{
				"x" : 89.50755310058594,
				"y" : -9.708299636840820
			},
			"type" : 0
		},
		
		{
			"angle" : 0,
			"angularVelocity" : 0,
			"awake" : true,
			"fixture" : 
			[
				
				{
					"density" : 1,
					"friction" : 0.2,
					"name" : "fixture0",
					"polygon" : 
					{
						"vertices" : 
						{
							"x" : 
							[
								0.867980957031250,
								0.867980957031250,
								-0.867980957031250,
								-0.867980957031250
							],
							"y" : 
							[
								-2.003541946411133,
								2.003540515899658,
								2.003540515899658,
								-2.003541946411133
							]
						}
					}
				}
			],
			"linearVelocity" : 0,
			"name" : "wall",
			"position" : 
			{
				"x" : 156.0636138916016,
				"y" : 0.1256217956542969
			},
			"type" : 0
		},
		
		{
			"angle" : 0,
			"angularVelocity" : 0,
			"awake" : true,
			"fixture" : 
			[
				
				{
					"density" : 1,
					"friction" : 0.2,
					"name" : "fixture0",
					"polygon" : 
					{
						"vertices" : 
						{
							"x" : 
							[
								0.867980957031250,
								0.867980957031250,
								-0.867980957031250,
								-0.867980957031250
							],
							"y" : 
							[
								-2.106302261352539,
								2.106301307678223,
								2.106301307678223,
								-2.106302261352539
							]
						}
					}
				}
			],
			"linearVelocity" : 0,
			"name" : "wall",
			"position" : 
			{
				"x" : 156.0636138916016,
				"y" : -8.373838424682617
			},
			"type" : 0
		},
		
		{
			"angle" : 3.141592502593994,
			"angularVelocity" : 0,
			"awake" : true,
			"fixture" : 
			[
				
				{
					"density" : 1,
					"friction" : 0.2,
					"name" : "fixture0",
					"polygon" : 
					{
						"vertices" : 
						{
							"x" : 
							[
								3.135300397872925,
								3.135298967361450,
								-3.135330915451050,
								-3.135329484939575
							],
							"y" : 
							[
								-4.430444240570068,
								4.430441379547119,
								4.430440425872803,
								-4.430445194244385
							]
						}
					}
				}
			],
			"linearVelocity" : 0,
			"name" : "wall",
			"position" : 
			{
				"x" : 171.4870605468750,
				"y" : 0.02468109130859375
			},
			"type" : 0
		},
		
		{
			"angle" : 3.141592502593994,
			"angularVelocity" : 0,
			"awake" : true,
			"fixture" : 
			[
				
				{
					"density" : 1,
					"friction" : 0.2,
					"name" : "fixture0",