
{
	"allowSleep" : true,
	"autoClearForces" : true,
	"body" : 
	[
		
		{
			"angle" : 3.141592502593994,
			"angularVelocity" : 0,
			"awake" : true,
			"fixture" : 
			[
				
				{
					"density" : 1,
					"friction" : 0.2,
					"name" : "fixture0",
					"polygon" : 
					{
						"vertices" : 
						{
							"x" : 
							[
								14.75552558898926,
								14.75552177429199,
								-14.75552558898926,
								-14.75552177429199
							],
							"y" : 
							[
								-11.98493576049805,
								11.98492813110352,
								11.98492431640625,
								-11.98493957519531
							]
						}
					}
				}
			],
			"linearVelocity" : 0,
			"name" : "goal",
			"position" : 
			{
				"x" : 220.6073608398438,
				"y" : 1.878206253051758
			},
			"type" : 0
		},
		
		{
			"angle" : 3.141592502593994,
			"angularVelocity" : 0,
			"awake" : true,
			"fixture" : 
			[
				
				{
					"density" : 1,
					"friction" : 0.2,
					"name" : "fixture0",
					"polygon" : 
					{
						"vertices" : 
						{
							"x" : 
							[
								4.595764636993408,
								4.595763683319092,
								-4.595764636993408,
								-4.595763683319092
							],
							"y" : 
							[
								-4.430444240570068,
								4.430441379547119,
								4.430440425872803,
								-4.430445194244385
							]
						}
					}
				}
			],
			"linearVelocity" : 0,
			"name" : "wall",
			"position" : 
			{
				"x" : 184.0533447265625,
				"y" : 3.220400810241699
			},
			"type" : 0
		},
		
		{
			"angle" : 3.141592502593994,
			"angularVelocity" : 0,
			"awake" : true,
			"fixture" : 
			[
				
				{
					"density" : 1,
					"friction" : 0.2,
					"name" : "fixture0",
					"polygon" : 
					{
						"vertices" : 
						{
							"x" : 
							[
								2.992493391036987,
								2.992491960525513,
								-2.992493391036987,
								-2.992491960525513
							],
							"y" : 
							[
								-4.430444240570068,
								4.430441379547119,
								4.430440425872803,
								-4.430445194244385
							]
						}
					}
				}
			],
			"linearVelocity" : 0,
			"name" : "wall",
			"position" : 
			{
				"x" : 185.6566162109375,
				"y" : -10.73294162750244
			},
			"type" : 0
		},
		
		{
			"angle" : 3.579305887222290,
			"angularVelocity" : 0,
			"awake" : true,
			"fixture" : 
			[
				
				{
					"density" : 1,
					"friction" : 0.2,
					"name" : "fixture0",
					"polygon" : 
					{
						"vertices" : 
						{
							"x" : 
							[
								6.504715442657471,
								6.504714488983154,
								-6.504776477813721,
								-6.504775524139404
							],
							"y" : 
							[
								-4.430443763732910,
								4.430441856384277,
								4.430439949035645,
								-4.430445671081543
							]
						}
					}
				}
			],
			"linearVelocity" : 0,
			"name" : "wall",
			"position" : 
			{
				"x" : 178.6505432128906,
				"y" : -13.07242965698242
			},
			"type" : 0
		},
		
		{
			"angle" : 3.141592502593994,
			"angularVelocity" : 0,
			"awake" : true,
			"fixture" : 
			[
				
				{
					"density" : 1,
					"friction" : 0.2,
					"name" : "fixture0",
					"polygon" : 
					{
						"vertices" : 
						{
							"x" : 
							[
								4.297882556915283,
								4.297881603240967,
								-4.297913074493408,
								-4.297912120819092
							],
							"y" : 
							[
								-4.430444240570068,
								4.430441379547119,
								4.430440425872803,
								-4.430445194244385
							]
						}
					}
				}
			],
			"linearVelocity" : 0,
			"name" : "wall",
			"position" : 
			{
				"x" : 172.9791870117188,
				"y" : -13.68653297424316
			},
			"type" : 0
		},
		
		{
			"angle" : 3.579305887222290,
			"angularVelocity" : 0,
			"awake" : true,
			"fixture" : 
			[
				
				{
					"density" : 1,
					"friction" : 0.2,
					"name" : "fixture0",
					"polygon" : 
					{
						"vertices" : 
						{
							"x" : 
							[
								6.504715442657471,
								6.504714488983154,
								-6.504776477813721,
								-6.504775524139404
							],
							"y" : 
							[
								-4.430443763732910,
								4.430441856384277,
								4.430439949035645,
								-4.430445671081543
							]
						}
					}
				}
			],
			"linearVelocity" : 0,
			"name" : "wall",
			"position" : 
			{
				"x" : 178.9654693603516,
				"y" : 2.364156723022461
			},
			"type" : 0
		},
		
		{
			"angle" : 3.141592502593994,
			"angularVelocity" : 0,
			"awake" : true,
			"fixture" : 
			[
				
				{
					"density" : 1,
					"friction" : 0.2,
					"name" : "fixture0",
					"polygon" : 
					{
						"vertices" : 
						{
							"x" : 
							[
								0.8679816126823425,
								0.8679803013801575,
								-0.8679816126823425,
								-0.8679803013801575
							],
							"y" : 
							[
								-4.430444717407227,
								4.430440902709961,
								4.430440902709961,
								-4.430444717407227
							]
						}
					}
				}
			],
			"linearVelocity" : 0,
			"name" : "wall",
			"position" : 
			{
				"x" : 163.684082031250,
				"y" : -7.883545875549316
			},
			"type" : 0
		},
		
		{
			"angle" : 3.141592502593994,
			"angularVelocity" : 0,
			"awake" : true,
			"fixture" : 
			[
				
				{
					"density" : 1,
					"friction" : 0.2,
					"name" : "fixture0",
					"polygon" : 
					{
						"vertices" : 
						{
							"x" : 
							[
								3.135300397872925,
								3.135298967361450,
								-3.135330915451050,
								-3.135329484939575
							],
							"y" : 
							[
								-4.430444240570068,
								4.430441379547119,
								4.430440425872803,
								-4.430445194244385
							]
						}
					}
				}
			],
			"linearVelocity" : 0,
			"name" : "wall",
			"position" : 
			{
				"x" : 171.8166198730469,
				"y" : 0.02468109130859375
			},
			"type" : 0
		},
		
		{
			"angle" : 3.141592502593994,
			"angularVelocity" : 0,
			"awake" : true,
			"fixture" : 
			[
				
				{
					"density" : 1,
					"friction" : 0.2,
					"name" : "fixture0",
					"polygon" : 
					{
						"vertices" : 
						{
							"x" : 
							[
								1.78114390373230,
								1.781142473220825,
								-1.781128644943237,
								-1.781127214431763
							],
							"y" : 
							[
								-4.430444240570068,
								4.430441379547119,
								4.430440425872803,
								-4.430445194244385
							]
						}
					}
				}
			],
			"linearVelocity" : 0,
			"name" : "wall",
			"position" : 
			{
				"x" : 115.5423202514648,
				"y" : -9.708299636840820
			},
			"type" : 0
		},
		
		{
			"angle" : 0,
			"angularVelocity" : 0,
			"awake" : true,
			"fixture" : 
			[
				
				{
					"density" : 1,
					"friction" : 0.2,
					"name" : "fixture0",
					"polygon" : 
					{
						"vertices" : 
						{
							"x" : 
							[
								1.229450225830078,
								1.229450225830078,
								-1.229450225830078,
								-1.229450225830078
							],
							"y" : 
							[
								-3.883496284484863,
								3.883495330810547,
								3.883495330810547,
								-3.883496284484863
							]
						}
					}
				}
			],
			"linearVelocity" : 0,
			"name" : "wall",
			"position" : 
			{
				"x" : 53.89847183227539,
				"y" : -7.292424201965332
			},
			"type" : 0
		},
		
		{
			"angle" : 0,
			"angularVelocity" : 0,
			"awake" : true,
			"fixture" : 
			[
				
				{
					"density" : 1,
					"friction" : 0.2,
					"name" : "fixture0",
					"polygon" : 
					{
						"vertices" : 
						{
							"x" : 
							[
								1.977970123291016,
								1.977970123291016,
								-1.977954864501953,
								-1.977954864501953
							],
							"y" : 
							[
								-1.908299446105957,
								1.908302307128906,
								1.908298492431641,
								-1.908299446105957
							]
						}
					}
				}
			],
			"linearVelocity" : 0,
			"name" : "wall",
			"position" : 
			{
				"x" : 38.99192047119141,
				"y" : -9.529294967651367
			},
			"type" : 0
		},
		
		{
			"angle" : -2.740062236785889,
			"angularVelocity" : 0,
			"awake" : true,
			"fixture" : 
			[
				
				{
					"density" : 1,
					"friction" : 0.2,
					"name" : "fixture0",