
{
	"allowSleep" : true,
	"autoClearForces" : true,
	"body" : 
	[
		
		{
			"angle" : 0.3570100069046021,
			"angularVelocity" : 0,
			"awake" : true,
			"fixture" : 
			[
				
				{
					"density" : 1,
					"friction" : 0.2,
					"name" : "fixture0",
					"polygon" : 
					{
						"vertices" : 
						{
							"x" : 
							[
								4.063895225524902,
								4.063894271850586,
								-4.063915729522705,
								-4.063914775848389
							],
							"y" : 
							[
								-0.7441598176956177,
								0.7441598176956177,
								0.7441593408584595,
								-0.7441605329513550
							]
						}
					}
				}
			],
			"linearVelocity" : 0,
			"name" : "wall",
			"position" : 
			{
				"x" : 47.55610275268555,
				"y" : -4.852157592773438
			},
			"type" : 0
		},
		
		{
			"angle" : 0,
			"angularVelocity" : 0,
			"awake" : true,
			"fixture" : 
			[
				
				{
					"density" : 1,
					"friction" : 0.2,
					"name" : "fixture0",
					"polygon" : 
					{
						"vertices" : 
						{
							"x" : 
							[
								3.060470581054688,
								3.060470581054688,
								-3.060470581054688,
								-3.060470581054688
							],
							"y" : 
							[
								-4.931855201721191,
								4.931854248046875,
								4.931854248046875,
								-4.931855201721191
							]
						}
					}
				}
			],
			"linearVelocity" : 0,
			"name" : "wall",
			"position" : 
			{
				"x" : 74.71473693847656,
				"y" : -14.73813915252686
			},
			"type" : 0
		},
		
		{
			"angle" : 0,
			"angularVelocity" : 0,
			"awake" : true,
			"fixture" : 
			[
				
				{
					"density" : 1,
					"friction" : 0.2,
					"name" : "fixture0",
					"polygon" : 
					{
						"vertices" : 
						{
							"x" : 
							[
								3.060466766357422,
								3.060466766357422,
								-3.060470581054688,
								-3.060470581054688
							],
							"y" : 
							[
								-3.214060306549072,
								3.214060068130493,
								3.214060068130493,
								-3.214060306549072
							]
						}
					}
				}
			],
			"linearVelocity" : 0,
			"name" : "wall",
			"position" : 
			{
				"x" : 74.71473693847656,
				"y" : -1.359450340270996
			},
			"type" : 0
		},
		
		{
			"angle" : 0,
			"angularVelocity" : 0,
			"awake" : true,
			"fixture" : 
			[
				
				{
					"density" : 1,
					"friction" : 0.2,
					"name" : "fixture0",
					"polygon" : 
					{
						"vertices" : 
						{
							"x" : 
							[
								3.060466766357422,
								3.060466766357422,
								-3.060470581054688,
								-3.060470581054688
							],
							"y" : 
							[
								-3.214060306549072,
								3.214060068130493,
								3.214060068130493,
								-3.214060306549072
							]
						}
					}
				}
			],
			"linearVelocity" : 0,
			"name" : "wall",
			"position" : 
			{
				"x" : 65.26954650878906,
				"y" : -14.73813915252686
			},
			"type" : 0
		},
		
		{
			"angle" : 0,
			"angularVelocity" : 0,
			"awake" : true,
			"fixture" : 
			[
				
				{
					"density" : 1,
					"friction" : 0.2,
					"name" : "fixture0",
					"polygon" : 
					{
						"vertices" : 
						{
							"x" : 
							[
								3.060466766357422,
								3.060466766357422,
								-3.060470581054688,
								-3.060470581054688
							],
							"y" : 
							[
								-3.214060306549072,
								3.214060068130493,
								3.214060068130493,
								-3.214060306549072
							]
						}
					}
				}
			],
			"linearVelocity" : 0,
			"name" : "wall",
			"position" : 
			{
				"x" : 65.26954650878906,
				"y" : -2.641238212585449
			},
			"type" : 0
		},
		
		{
			"angle" : 0,
			"angularVelocity" : 0,
			"awake" : true,
			"fixture" : 
			[
				
				{
					"density" : 1,
					"friction" : 0.2,
					"name" : "fixture0",
					"polygon" : 
					{
						"vertices" : 
						{
							"x" : 
							[
								3.060466766357422,
								3.060466766357422,
								-3.060470581054688,
								-3.060470581054688
							],
							"y" : 
							[
								-3.214060306549072,
								3.214060068130493,
								3.214060068130493,
								-3.214060306549072
							]
						}
					}
				}
			],
			"linearVelocity" : 0,
			"name" : "wall",
			"position" : 
			{
				"x" : 54.12598419189453,
				"y" : -14.73813915252686
			},
			"type" : 0
		},
		
		{
			"angle" : 0,
			"angularVelocity" : 0,
			"awake" : true,
			"fixture" : 
			[
				
				{
					"density" : 1,
					"friction" : 0.2,
					"name" : "fixture0",
					"polygon" : 
					{
						"vertices" : 
						{
							"x" : 
							[
								3.060466766357422,
								3.060466766357422,
								-3.060470581054688,
								-3.060470581054688
							],
							"y" : 
							[
								-1.864043235778809,
								1.864043116569519,
								1.864043116569519,
								-1.864043235778809
							]
						}
					}
				}
			],
			"linearVelocity" : 0,
			"name" : "wall",
			"position" : 
			{
				"x" : 54.12598419189453,
				"y" : -4.610978126525879
			},
			"type" : 0
		},
		
		{
			"angle" : 0,
			"angularVelocity" : 0,
			"awake" : true,
			"fixture" : 
			[
				
				{
					"density" : 1,
					"friction" : 0.2,
					"name" : "fixture0",
					"polygon" : 
					{
						"vertices" : 
						{
							"x" : 
							[
								7.281520843505859,
								7.281520843505859,
								-7.281558990478516,
								-7.281558990478516
							],
							"y" : 
							[
								-1.333354949951172,
								1.333354473114014,
								1.333354473114014,
								-1.333354949951172
							]
						}
					}
				}
			],
			"linearVelocity" : 0,
			"name" : "wall",
			"position" : 
			{
				"x" : 38.19280624389648,
				"y" : -6.245044708251953
			},
			"type" : 0
		},
		
		{
			"angle" : 0,
			"angularVelocity" : 0,
			"awake" : true,
			"fixture" : 
			[
				
				{
					"density" : 1,
					"friction" : 0.2,
					"name" : "fixture0",
					"polygon" : 
					{
						"vertices" : 
						{
							"x" : [ 0.5, 0.5, -0.5, -0.5 ],
							"y" : 
							[
								-16.86786079406738,
								16.86785888671875,
								16.86785888671875,
								-16.86786079406738
							]
						}
					}
				}
			],
			"linearVelocity" : 0,
			"name" : "wall",
			"position" : 
			{
				"x" : 0.04399824142456055,
				"y" : 0.1530070304870605
			},
			"type" : 0
		},
		
		{
			"angle" : 0,
			"angularVelocity" : 0,
			"awake" : true,
			"fixture" : 
			[
				
				{
					"density" : 1,
					"friction" : 0.2,
					"name" : "fixture0",
					"polygon" : 
					{
						"vertices" : 
						{
							"x" : 
							[
								7.028247833251953,
								7.028247833251953,
								-7.028231620788574,
								-7.028231620788574
							],
							"y" : 
							[
								-1.481481552124023,
								1.481481552124023,
								1.481481552124023,
								-1.481481552124023
							]
						}
					}
				}
			],
			"linearVelocity" : 0,
			"name" : "wall",
			"position" : 
			{
				"x" : 7.172151565551758,
				"y" : -14.91967391967773
			},
			"type" : 0
		},
		
		{
			"angle" : 0,
			"angularVelocity" : 0,
			"awake" : true,
			"linearVelocity" : 0,
			"name" : "ninja",
			"position" : 
			{
				"x" : 3.778947830200195,
				"y" : -6.337182998657227
			},
			"type" : 0
		},
		
		{
			"angle" : 0,
			"angularVelocity" : 0,
			"awake" : true,
			"fixture" : 
			[
				
				{
					"density" : 1,
					"friction" : 0.2,
					"name" : "fixture0",
					"polygon" : 
					{
						"vertices" : 
						{
							"x" : 
							[
								3.060466766357422,
								3.060466766357422,
								-3.060470581054688,
								-3.060470581054688
							],
							"y" : 
							[
								-4.609898567199707,
								4.609898090362549,
								4.609898090362549,
								-4.609898567199707
							]
						}
					}
				}
			],
			"linearVelocity" : 0,
			"name" : "wall",
			"position" : 
			{
				"x" : 23.20279121398926,
				"y" : -4.323590278625488
			},
			"type" : 0
		},
		
		{
			"angle" : 0,
			"angularVelocity" : 0,
			"awake" : true,
			"fixture" : 
			[
				
				{
					"density" : 1,
					"friction" : 0.2,
					"name" : "fixture0",