
{
	"allowSleep" : true,
	"autoClearForces" : true,
	"body" : 
	[
		
		{
			"angle" : 3.141592502593994,
			"angularVelocity" : 0,
			"awake" : true,
			"fixture" : 
			[
				
				{
					"density" : 1,
					"friction" : 0.2,
					"name" : "fixture0",
					"polygon" : 
					{
						"vertices" : 
						{
							"x" : 
							[
								8.303863525390625,
								8.303863525390625,
								-8.303756713867188,
								-8.303756713867188
							],
							"y" : 
							[
								-0.7701026797294617,
								0.7701047062873840,
								0.7701022028923035,
								-0.7701051831245422
							]
						}
					}
				}
			],
			"linearVelocity" : 0,
			"name" : "wall",
			"position" : 
			{
				"x" : 137.1787719726562,
				"y" : -5.173650741577148
			},
			"type" : 0
		},
		
		{
			"angle" : 3.141592502593994,
			"angularVelocity" : 0,
			"awake" : true,
			"fixture" : 
			[
				
				{
					"density" : 1,
					"friction" : 0.2,
					"name" : "fixture0",
					"polygon" : 
					{
						"vertices" : 
						{
							"x" : 
							[
								3.369919538497925,
								3.369918107986450,
								-3.369873762130737,
								-3.369872331619263
							],
							"y" : 
							[
								-5.205098628997803,
								5.205095767974854,
								5.205094814300537,
								-5.205099582672119
							]
						}
					}
				}
			],
			"linearVelocity" : 0,
			"name" : "wall",
			"position" : 
			{
				"x" : 114.9587783813477,
				"y" : -12.45786476135254
			},
			"type" : 0
		},
		
		{
			"angle" : 3.141592502593994,
			"angularVelocity" : 0,
			"awake" : true,
			"fixture" : 
			[
				
				{
					"density" : 1,
					"friction" : 0.2,
					"name" : "fixture0",
					"polygon" : 
					{
						"vertices" : 
						{
							"x" : 
							[
								3.369919538497925,
								3.369918107986450,
								-3.369873762130737,
								-3.369872331619263
							],
							"y" : 
							[
								-4.430444240570068,
								4.430441379547119,
								4.430440425872803,
								-4.430445194244385
							]
						}
					}
				}
			],
			"linearVelocity" : 0,
			"name" : "wall",
			"position" : 
			{
				"x" : 114.9587783813477,
				"y" : 2.946344375610352
			},
			"type" : 0
		},
		
		{
			"angle" : 3.141592502593994,
			"angularVelocity" : 0,
			"awake" : true,
			"fixture" : 
			[
				
				{
					"density" : 1,
					"friction" : 0.2,
					"name" : "fixture0",
					"polygon" : 
					{
						"vertices" : 
						{
							"x" : 
							[
								1.78114390373230,
								1.781142473220825,
								-1.781128644943237,
								-1.781127214431763
							],
							"y" : 
							[
								-4.430444240570068,
								4.430441379547119,
								4.430440425872803,
								-4.430445194244385
							]
						}
					}
				}
			],
			"linearVelocity" : 0,
			"name" : "wall",
			"position" : 
			{
				"x" : 100.7879562377930,
				"y" : 3.326480865478516
			},
			"type" : 0
		},
		
		{
			"angle" : 3.141592502593994,
			"angularVelocity" : 0,
			"awake" : true,
			"fixture" : 
			[
				
				{
					"density" : 1,
					"friction" : 0.2,
					"name" : "fixture0",
					"polygon" : 
					{
						"vertices" : 
						{
							"x" : 
							[
								1.78114390373230,
								1.781142473220825,
								-1.781128644943237,
								-1.781127214431763
							],
							"y" : 
							[
								-4.430444240570068,
								4.430441379547119,
								4.430440425872803,
								-4.430445194244385
							]
						}
					}
				}
			],
			"linearVelocity" : 0,
			"name" : "wall",
			"position" : 
			{
				"x" : 100.7879562377930,
				"y" : -12.90786743164062
			},
			"type" : 0
		},
		
		{
			"angle" : 0,
			"angularVelocity" : 0,
			"awake" : true,
			"fixture" : 
			[
				
				{
					"density" : 1,
					"friction" : 0.2,
					"name" : "fixture0",
					"polygon" : 
					{
						"vertices" : 
						{
							"x" : 
							[
								7.002037048339844,
								7.002037048339844,
								-7.002037048339844,
								-7.002037048339844
							],
							"y" : 
							[
								-2.106302261352539,
								2.106301307678223,
								2.106301307678223,
								-2.106302261352539
							]
						}
					}
				}
			],
			"linearVelocity" : 0,
			"name" : "wall",
			"position" : 
			{
				"x" : 37.22539520263672,
				"y" : -9.723648071289062
			},
			"type" : 0
		},
		
		{
			"angle" : 0,
			"angularVelocity" : 0,
			"awake" : true,
			"fixture" : 
			[
				
				{
					"density" : 1,
					"friction" : 0.2,
					"name" : "fixture0",
					"polygon" : 
					{
						"vertices" : 
						{
							"x" : 
							[
								7.002037048339844,
								7.002037048339844,
								-7.002037048339844,
								-7.002037048339844
							],
							"y" : 
							[
								-2.106302261352539,
								2.106301307678223,
								2.106301307678223,
								-2.106302261352539
							]
						}
					}
				}
			],
			"linearVelocity" : 0,
			"name" : "wall",
			"position" : 
			{
				"x" : 62.54620361328125,
				"y" : -9.723648071289062
			},
			"type" : 0
		},
		
		{
			"angle" : 3.141592502593994,
			"angularVelocity" : 0,
			"awake" : true,
			"fixture" : 
			[
				
				{
					"density" : 1,
					"friction" : 0.2,
					"name" : "fixture0",
					"polygon" : 
					{
						"vertices" : 
						{
							"x" : 
							[
								3.396247148513794,
								-3.396248579025269,
								-1.781127214431763,
								1.78114390373230
							],
							"y" : 
							[
								4.430441379547119,
								4.430440425872803,
								-4.430445194244385,
								-4.430444240570068
							]
						}
					}
				}
			],
			"linearVelocity" : 0,
			"name" : "wall",
			"position" : 
			{
				"x" : 87.55925750732422,
				"y" : -10.10930442810059
			},
			"type" : 0
		},
		
		{
			"angle" : 0,
			"angularVelocity" : 0,
			"awake" : true,
			"fixture" : 
			[
				
				{
					"density" : 1,
					"friction" : 0.2,
					"name" : "fixture0",
					"polygon" : 
					{
						"vertices" : 
						{
							"x" : 
							[
								0.867980957031250,
								0.867980957031250,
								-0.867980957031250,
								-0.867980957031250
							],
							"y" : 
							[
								-2.003541946411133,
								2.003540515899658,
								2.003540515899658,
								-2.003541946411133
							]
						}
					}
				}
			],
			"linearVelocity" : 0,
			"name" : "wall",
			"position" : 
			{
				"x" : 155.1388549804688,
				"y" : 0.3631286621093750
			},
			"type" : 0
		},
		
		{
			"angle" : 0,
			"angularVelocity" : 0,
			"awake" : true,
			"fixture" : 
			[
				
				{
					"density" : 1,
					"friction" : 0.2,
					"name" : "fixture0",
					"polygon" : 
					{
						"vertices" : 
						{
							"x" : 
							[
								0.867980957031250,
								0.867980957031250,
								-0.867980957031250,
								-0.867980957031250
							],
							"y" : 
							[
								-2.106302261352539,
								2.106301307678223,
								2.106301307678223,
								-2.106302261352539
							]
						}
					}
				}
			],
			"linearVelocity" : 0,
			"name" : "wall",
			"position" : 
			{
				"x" : 155.1388549804688,
				"y" : -8.373838424682617
			},
			"type" : 0
		},
		
		{
			"angle" : 3.141592502593994,
			"angularVelocity" : 0,
			"awake" : true,
			"fixture" : 
			[
				
				{
					"density" : 1,
					"friction" : 0.2,
					"name" : "fixture0",
					"polygon" : 
					{
						"vertices" : 
						{
							"x" : 
							[
								3.135300397872925,
								3.135298967361450,
								-3.135330915451050,
								-3.135329484939575
							],
							"y" : 
							[
								-4.430444240570068,
								4.430441379547119,
								4.430440425872803,
								-4.430445194244385
							]
						}
					}
				}
			],
			"linearVelocity" : 0,
			"name" : "wall",
			"position" : 
			{
				"x" : 171.0862426757812,
				"y" : 0.02468109130859375
			},
			"type" : 0
		},
		
		{
			"angle" : 3.141592502593994,
			"angularVelocity" : 0,
			"awake" : true,
			"fixture" : 
			[
				
				{
					"density" : 1,
					"friction" : 0.2,
					"name" : "fixture0",