
{
	"allowSleep" : true,
	"autoClearForces" : true,
	"body" : 
	[
		
		{
			"angle" : -0.6456858515739441,
			"angularVelocity" : 0,
			"awake" : true,
			"fixture" : 
			[
				
				{
					"density" : 1,
					"friction" : 0.2,
					"name" : "fixture0",
					"polygon" : 
					{
						"vertices" : 
						{
							"x" : 
							[
								4.822776317596436,
								-4.822764396667480,
								-4.822763919830322,
								4.822775840759277
							],
							"y" : 
							[
								1.880007028579712,
								1.880006670951843,
								-1.880005121231079,
								-1.880004405975342
							]
						}
					}
				}
			],
			"linearVelocity" : 0,
			"name" : "wall",
			"position" : 
			{
				"x" : 10.48490238189697,
				"y" : -1.453220486640930
			},
			"type" : 0
		},
		
		{
			"angle" : 0,
			"angularVelocity" : 0,
			"awake" : true,
			"fixture" : 
			[
				
				{
					"density" : 1,
					"friction" : 0.2,
					"name" : "fixture0",
					"polygon" : 
					{
						"vertices" : 
						{
							"x" : 
							[
								1.502700805664062,
								1.502700805664062,
								-1.502700805664062,
								-1.502700805664062
							],
							"y" : 
							[
								-4.135747909545898,
								4.135746002197266,
								4.135746002197266,
								-4.135747909545898
							]
						}
					}
				}
			],
			"linearVelocity" : 0,
			"name" : "wall",
			"position" : 
			{
				"x" : 77.013183593750,
				"y" : 2.783988475799561
			},
			"type" : 0
		},
		
		{
			"angle" : 0,
			"angularVelocity" : 0,
			"awake" : true,
			"fixture" : 
			[
				
				{
					"density" : 1,
					"friction" : 0.2,
					"name" : "fixture0",
					"polygon" : 
					{
						"vertices" : 
						{
							"x" : 
							[
								6.845329284667969,
								6.845329284667969,
								-6.845359802246094,
								-6.845359802246094
							],
							"y" : 
							[
								-2.837230682373047,
								2.837229967117310,
								2.837229967117310,
								-2.837230682373047
							]
						}
					}
				}
			],
			"linearVelocity" : 0,
			"name" : "wall",
			"position" : 
			{
				"x" : 68.95711517333984,
				"y" : 2.306931734085083
			},
			"type" : 0
		},
		
		{
			"angle" : 0.366688609123230,
			"angularVelocity" : 0,
			"awake" : true,
			"fixture" : 
			[
				
				{
					"density" : 1,
					"friction" : 0.2,
					"name" : "fixture0",
					"polygon" : 
					{
						"vertices" : 
						{
							"x" : 
							[
								2.268188238143921,
								-2.268202304840088,
								-2.268203735351562,
								2.268186569213867
							],
							"y" : 
							[
								0.6658615469932556,
								0.6658613681793213,
								-0.6658586859703064,
								-0.6658594608306885
							]
						}
					}
				}
			],
			"linearVelocity" : 0,
			"name" : "wall",
			"position" : 
			{
				"x" : 70.72045135498047,
				"y" : -6.064461708068848
			},
			"type" : 0
		},
		
		{
			"angle" : 0,
			"angularVelocity" : 0,
			"awake" : true,
			"fixture" : 
			[
				
				{
					"density" : 1,
					"friction" : 0.2,
					"name" : "fixture0",
					"polygon" : 
					{
						"vertices" : 
						{
							"x" : 
							[
								1.502700805664062,
								1.502700805664062,
								-1.502700805664062,
								-1.502700805664062
							],
							"y" : 
							[
								-4.135746002197266,
								4.135747909545898,
								4.135747909545898,
								-4.135746002197266
							]
						}
					}
				}
			],
			"linearVelocity" : 0,
			"name" : "wall",
			"position" : 
			{
				"x" : 77.013183593750,
				"y" : -9.625170707702637
			},
			"type" : 0
		},
		
		{
			"angle" : 0,
			"angularVelocity" : 0,
			"awake" : true,
			"fixture" : 
			[
				
				{
					"density" : 1,
					"friction" : 0.2,
					"name" : "fixture0",
					"polygon" : 
					{
						"vertices" : 
						{
							"x" : 
							[
								5.480255126953125,
								5.480255126953125,
								-5.480293273925781,
								-5.480293273925781
							],
							"y" : 
							[
								-1.062688350677490,
								1.062689781188965,
								1.062689781188965,
								-1.062688350677490
							]
						}
					}
				}
			],
			"linearVelocity" : 0,
			"name" : "wall",
			"position" : 
			{
				"x" : 67.59506225585938,
				"y" : -6.933551788330078
			},
			"type" : 0
		},
		
		{
			"angle" : 0,
			"angularVelocity" : 0,
			"awake" : true,
			"fixture" : 
			[
				
				{
					"density" : 1,
					"friction" : 0.2,
					"name" : "fixture0",
					"polygon" : 
					{
						"vertices" : 
						{
							"x" : 
							[
								1.502704620361328,
								1.502704620361328,
								-1.502700805664062,
								-1.502700805664062
							],
							"y" : 
							[
								-4.135746955871582,
								4.135746955871582,
								4.135746955871582,
								-4.135746955871582
							]
						}
					}
				}
			],
			"linearVelocity" : 0,
			"name" : "wall",
			"position" : 
			{
				"x" : 58.33883285522461,
				"y" : -3.862634420394897
			},
			"type" : 0
		},
		
		{
			"angle" : 0.3570100069046021,
			"angularVelocity" : 0,
			"awake" : true,
			"fixture" : 
			[
				
				{
					"density" : 1,
					"friction" : 0.2,
					"name" : "fixture0",
					"polygon" : 
					{
						"vertices" : 
						{
							"x" : 
							[
								2.663233757019043,
								2.663229227066040,
								-2.663240909576416,
								-2.663242340087891
							],
							"y" : 
							[
								-0.4876782000064850,
								0.4876777529716492,
								0.4876753389835358,
								-0.4876796007156372
							]
						}
					}
				}
			],
			"linearVelocity" : 0,
			"name" : "wall",
			"position" : 
			{
				"x" : 31.17052459716797,
				"y" : -3.182123661041260
			},
			"type" : 0
		},
		
		{
			"angle" : 0,
			"angularVelocity" : 0,
			"awake" : true,
			"fixture" : 
			[
				
				{
					"density" : 1,
					"friction" : 0.2,
					"name" : "fixture0",
					"polygon" : 
					{
						"vertices" : 
						{
							"x" : 
							[
								3.173175811767578,
								3.173175811767578,
								-3.173168182373047,
								-3.173168182373047
							],
							"y" : 
							[
								-3.232041358947754,
								3.232040405273438,
								3.232040405273438,
								-3.232041358947754
							]
						}
					}
				}
			],
			"linearVelocity" : 0,
			"name" : "wall",
			"position" : 
			{
				"x" : 49.73738098144531,
				"y" : -10.04362964630127
			},
			"type" : 0
		},
		
		{
			"angle" : 0,
			"angularVelocity" : 0,
			"awake" : true,
			"fixture" : 
			[
				
				{
					"density" : 1,
					"friction" : 0.2,
					"name" : "fixture0",
					"polygon" : 
					{
						"vertices" : 
						{
							"x" : 
							[
								1.502704620361328,
								1.502704620361328,
								-1.502700805664062,
								-1.502700805664062
							],
							"y" : 
							[
								-2.106301307678223,
								2.106301307678223,
								2.106301307678223,
								-2.106301307678223
							]
						}
					}
				}
			],
			"linearVelocity" : 0,
			"name" : "wall",
			"position" : 
			{
				"x" : 49.29137039184570,
				"y" : -0.8932138681411743
			},
			"type" : 0
		},
		
		{
			"angle" : 0,
			"angularVelocity" : 0,
			"awake" : true,
			"fixture" : 
			[
				
				{
					"density" : 1,
					"friction" : 0.2,
					"name" : "fixture0",
					"polygon" : 
					{
						"vertices" : 
						{
							"x" : 
							[
								2.005649566650391,
								2.005649566650391,
								-2.005645751953125,
								-2.005645751953125
							],
							"y" : 
							[
								-2.106302261352539,
								2.106301307678223,
								2.106301307678223,
								-2.106302261352539
							]
						}
					}
				}
			],
			"linearVelocity" : 0,
			"name" : "wall",
			"position" : 
			{
				"x" : 42.77885055541992,
				"y" : -9.660800933837891
			},
			"type" : 0
		},
		
		{
			"angle" : 0,
			"angularVelocity" : 0,
			"awake" : true,
			"fixture" : 
			[
				
				{
					"density" : 1,
					"friction" : 0.2,
					"name" : "fixture0",
					"polygon" : 
					{
						"vertices" : 
						{
							"x" : 
							[
								2.005649566650391,
								2.005649566650391,
								-2.005645751953125,
								-2.005645751953125
							],