
{
	"allowSleep" : true,
	"autoClearForces" : true,
	"body" : 
	[
		
		{
			"angle" : 3.141592502593994,
			"angularVelocity" : 0,
			"awake" : true,
			"fixture" : 
			[
				
				{
					"density" : 1,
					"friction" : 0.2,
					"name" : "fixture0",
					"polygon" : 
					{
						"vertices" : 
						{
							"x" : 
							[
								3.821372747421265,
								-3.821357965469360,
								-2.585777044296265,
								2.585815668106079
							],
							"y" : 
							[
								1.062285065650940,
								1.062283873558044,
								-1.062287688255310,
								-1.062285542488098
							]
						}
					}
				}
			],
			"linearVelocity" : 0,
			"name" : "wall",
			"position" : 
			{
				"x" : 123.5255050659180,
				"y" : -9.069252014160156
			},
			"type" : 0
		},
		
		{
			"angle" : 3.141592502593994,
			"angularVelocity" : 0,
			"awake" : true,
			"fixture" : 
			[
				
				{
					"density" : 1,
					"friction" : 0.2,
					"name" : "fixture0",
					"polygon" : 
					{
						"vertices" : 
						{
							"x" : 
							[
								1.032302856445312,
								1.032302856445312,
								-1.032272338867188,
								-1.032272338867188
							],
							"y" : 
							[
								-0.2334240376949310,
								0.2334243357181549,
								0.2334240376949310,
								-0.2334243357181549
							]
						}
					}
				}
			],
			"linearVelocity" : 0,
			"name" : "wall",
			"position" : 
			{
				"x" : 108.8220977783203,
				"y" : -6.835341453552246
			},
			"type" : 0
		},
		
		{
			"angle" : 3.141592502593994,
			"angularVelocity" : 0,
			"awake" : true,
			"fixture" : 
			[
				
				{
					"density" : 1,
					"friction" : 0.2,
					"name" : "fixture0",
					"polygon" : 
					{
						"vertices" : 
						{
							"x" : 
							[
								0.8328554630279541,
								0.8328549861907959,
								-0.8328478336334229,
								-0.8328473567962646
							],
							"y" : 
							[
								-1.679890513420105,
								1.6798917055130,
								1.679891467094421,
								-1.679890751838684
							]
						}
					}
				}
			],
			"linearVelocity" : 0,
			"name" : "wall",
			"position" : 
			{
				"x" : 108.8220977783203,
				"y" : -8.445594787597656
			},
			"type" : 0
		},
		
		{
			"angle" : 3.141592502593994,
			"angularVelocity" : 0,
			"awake" : true,
			"fixture" : 
			[
				
				{
					"density" : 1,
					"friction" : 0.2,
					"name" : "fixture0",
					"polygon" : 
					{
						"vertices" : 
						{
							"x" : 
							[
								1.673903584480286,
								-1.673905253410339,
								-1.296172261238098,
								1.296181559562683
							],
							"y" : 
							[
								5.601958751678467,
								5.601957798004150,
								-5.601962566375732,
								-5.601962566375732
							]
						}
					}
				}
			],
			"linearVelocity" : 0,
			"name" : "wall",
			"position" : 
			{
				"x" : 98.89925384521484,
				"y" : -9.751377105712891
			},
			"type" : 0
		},
		
		{
			"angle" : 0,
			"angularVelocity" : 0,
			"awake" : true,
			"fixture" : 
			[
				
				{
					"density" : 1,
					"friction" : 0.2,
					"name" : "fixture0",
					"polygon" : 
					{
						"vertices" : 
						{
							"x" : 
							[
								2.273941040039062,
								2.273941040039062,
								-2.273941040039062,
								-2.273941040039062
							],
							"y" : 
							[
								-1.483877182006836,
								1.483875274658203,
								-0.3368635177612305,
								-1.483877182006836
							]
						}
					}
				}
			],
			"linearVelocity" : 0,
			"name" : "wall",
			"position" : 
			{
				"x" : 83.35484313964844,
				"y" : -8.827028274536133
			},
			"type" : 0
		},
		
		{
			"angle" : 0,
			"angularVelocity" : 0,
			"awake" : true,
			"fixture" : 
			[
				
				{
					"density" : 1,
					"friction" : 0.2,
					"name" : "fixture0",
					"polygon" : 
					{
						"vertices" : 
						{
							"x" : 
							[
								2.273941040039062,
								2.273941040039062,
								-2.273941040039062,
								-2.273941040039062
							],
							"y" : 
							[
								-1.483877182006836,
								1.483875274658203,
								-0.3368635177612305,
								-1.483877182006836
							]
						}
					}
				}
			],
			"linearVelocity" : 0,
			"name" : "wall",
			"position" : 
			{
				"x" : 78.84639739990234,
				"y" : -8.827028274536133
			},
			"type" : 0
		},
		
		{
			"angle" : 0,
			"angularVelocity" : 0,
			"awake" : true,
			"fixture" : 
			[
				
				{
					"density" : 1,
					"friction" : 0.2,
					"name" : "fixture0",
					"polygon" : 
					{
						"vertices" : 
						{
							"x" : 
							[
								2.273941040039062,
								2.273941040039062,
								-2.273941040039062,
								-2.273941040039062
							],
							"y" : 
							[
								-1.483877182006836,
								1.483875274658203,
								-0.3368635177612305,
								-1.483877182006836
							]
						}
					}
				}
			],
			"linearVelocity" : 0,
			"name" : "wall",
			"position" : 
			{
				"x" : 87.86331176757812,
				"y" : -8.827028274536133
			},
			"type" : 0
		},
		
		{
			"angle" : 0,
			"angularVelocity" : 0,
			"awake" : true,
			"fixture" : 
			[
				
				{
					"density" : 1,
					"friction" : 0.2,
					"name" : "fixture0",
					"polygon" : 
					{
						"vertices" : 
						{
							"x" : 
							[
								2.273941040039062,
								2.273941040039062,
								-2.273941040039062,
								-2.273941040039062
							],
							"y" : 
							[
								-1.483877182006836,
								1.483875274658203,
								-0.3368635177612305,
								-1.483877182006836
							]
						}
					}
				}
			],
			"linearVelocity" : 0,
			"name" : "wall",
			"position" : 
			{
				"x" : 92.37175750732422,
				"y" : -8.827028274536133
			},
			"type" : 0
		},
		
		{
			"angle" : 0,
			"angularVelocity" : 0,
			"awake" : true,
			"fixture" : 
			[
				
				{
					"density" : 1,
					"friction" : 0.2,
					"name" : "fixture0",
					"polygon" : 
					{
						"vertices" : 
						{
							"x" : 
							[
								9.559617996215820,
								9.559617996215820,
								-9.559616088867188,
								-9.559616088867188
							],
							"y" : 
							[
								-0.4006948471069336,
								0.4006948471069336,
								0.4006948471069336,
								-0.4006948471069336
							]
						}
					}
				}
			],
			"linearVelocity" : 0,
			"name" : "wall",
			"position" : 
			{
				"x" : 8.590351104736328,
				"y" : -7.846881866455078
			},
			"type" : 0
		},
		
		{
			"angle" : 0,
			"angularVelocity" : 0,
			"awake" : true,
			"fixture" : 
			[
				
				{
					"density" : 1,
					"friction" : 0.2,
					"name" : "fixture0",
					"polygon" : 
					{
						"vertices" : 
						{
							"x" : 
							[
								0.867980957031250,
								0.867980957031250,
								-0.867980957031250,
								-0.867980957031250
							],
							"y" : 
							[
								-2.003541946411133,
								2.003540515899658,
								2.003540515899658,
								-2.003541946411133
							]
						}
					}
				}
			],
			"linearVelocity" : 0,
			"name" : "wall",
			"position" : 
			{
				"x" : 159.5935668945312,
				"y" : 0.3631286621093750
			},
			"type" : 0
		},
		
		{
			"angle" : 0,
			"angularVelocity" : 0,
			"awake" : true,
			"fixture" : 
			[
				
				{
					"density" : 1,
					"friction" : 0.2,
					"name" : "fixture0",
					"polygon" : 
					{
						"vertices" : 
						{
							"x" : 
							[
								7.406036376953125,
								7.406036376953125,
								-7.406034469604492,
								-7.406034469604492
							],
							"y" : 
							[
								-0.4006948471069336,
								0.4006948471069336,
								0.4006948471069336,
								-0.4006948471069336
							]
						}
					}
				}
			],
			"linearVelocity" : 0,
			"name" : "wall",
			"position" : 
			{
				"x" : 62.52095031738281,
				"y" : -7.846881866455078
			},
			"type" : 0
		},
		
		{
			"angle" : 0,
			"angularVelocity" : 0,
			"awake" : true,
			"fixture" : 
			[
				
				{
					"density" : 1,
					"friction" : 0.2,
					"name" : "fixture0",